date,win_price
01-06-19 01:00:00,422.570000000000
01-06-19 02:00:00,169.310000000000
01-06-19 03:00:00,145.850000000000
01-06-19 08:00:00,195.370000000000
01-06-19 09:00:00,182.000000000000
01-06-19 10:00:00,59.870000000000
01-06-19 11:00:00,1146.260000000000
01-06-19 12:00:00,344.920000000000
01-07-19 01:00:00,3789.125500000000
01-07-19 02:00:00,54.490000000000
01-07-19 03:00:00,323.250000000000
01-07-19 04:00:00,163.227866675000
01-07-19 05:00:00,170.712600000000
01-07-19 06:00:00,123.050000000000
01-07-19 07:00:00,97.650000000000
01-07-19 08:00:00,77.100000000000
01-07-19 09:00:00,81.850000000000
01-07-19 10:00:00,1522.140000000000
01-07-19 11:00:00,750.145000000000
01-07-19 12:00:00,320.340000000000
01-08-19 01:00:00,303.394880000000
01-08-19 02:00:00,168.600000000000
01-08-19 03:00:00,380.393000000000
01-08-19 04:00:00,90.580000000000
01-08-19 05:00:00,192.795000000000
01-08-19 06:00:00,85.150000000000
01-08-19 07:00:00,88.025000000000
01-08-19 08:00:00,98.433000000000
01-08-19 09:00:00,67.705000000000
01-08-19 10:00:00,386.395000000000
01-08-19 11:00:00,1242.864400000000
01-08-19 12:00:00,720.478000000000
01-09-19 01:00:00,1606.612500000000
01-09-19 02:00:00,993.934980000000
01-09-19 03:00:00,928.010000000000
01-09-19 04:00:00,937.400000000000
01-09-19 05:00:00,2355.607900000000
01-09-19 06:00:00,2673.268600000000
01-09-19 07:00:00,542.393133320000
01-09-19 08:00:00,1002.874000000000
01-09-19 09:00:00,1395.362399995000
01-09-19 10:00:00,2388.316000000000
01-09-19 11:00:00,1571.303000000000
01-09-19 12:00:00,1992.580000000000
01-10-19 01:00:00,324.058483554000
01-10-19 02:00:00,358.669850000000
01-10-19 03:00:00,599.045000000000
01-10-19 04:00:00,906.870065000000
01-10-19 05:00:00,157.332010000000
01-10-19 06:00:00,659.820000000000
01-10-19 07:00:00,374.280400000000
01-10-19 08:00:00,942.880000000000
01-10-19 09:00:00,2929.065333000000
01-10-19 10:00:00,831.532200000000
01-10-19 11:00:00,1210.475000000000
01-10-19 12:00:00,192.010000000000
01-11-19 04:00:00,0.000000000000
01-12-19 01:00:00,382.115000000000
01-12-19 02:00:00,588.156666670000
01-12-19 03:00:00,418.849999820000
01-12-19 04:00:00,428.165000000000
01-12-19 05:00:00,133.490000000000
01-12-19 06:00:00,165.840000000000
01-12-19 07:00:00,567.670000000000
01-12-19 08:00:00,477.715290000000
01-12-19 09:00:00,416.663800000000
01-12-19 10:00:00,177.140000000000
01-12-19 11:00:00,559.613000000000
01-12-19 12:00:00,298.590000000000
02-06-19 01:00:00,104.940000000000
02-06-19 02:00:00,16.890000002000
02-06-19 03:00:00,230.550000028000
02-06-19 04:00:00,18.700000000000
02-06-19 08:00:00,244.265000000000
02-06-19 09:00:00,313.591666653000
02-06-19 10:00:00,137.550000000000
02-06-19 11:00:00,286.690000000000
02-06-19 12:00:00,13.599960000000
02-07-19 01:00:00,297.271500000000
02-07-19 02:00:00,58.305000001000
02-07-19 03:00:00,391.217333365000
02-07-19 04:00:00,55.700000000000
02-07-19 05:00:00,107.998000000000
02-07-19 06:00:00,534.050000000000
02-07-19 07:00:00,48.500000000000
02-07-19 08:00:00,251.110000000000
02-07-19 09:00:00,217.857500000000
02-07-19 10:00:00,172.400000000000
02-07-19 11:00:00,812.600000000000
02-07-19 12:00:00,890.482750000000
02-09-19 01:00:00,1189.527000000000
02-09-19 02:00:00,931.553400000000
02-09-19 03:00:00,1460.201000026000
02-09-19 04:00:00,983.978000000000
02-09-19 05:00:00,1146.014000000000
02-09-19 06:00:00,4556.855166635000
02-09-19 07:00:00,1363.597600000000
02-09-19 08:00:00,914.405010000000
02-09-19 09:00:00,1162.795800000000
02-09-19 10:00:00,787.493599990000
02-09-19 11:00:00,2171.951000000000
02-09-19 12:00:00,1989.235000000000
02-10-19 01:00:00,791.222500000000
02-10-19 02:00:00,372.277500000000
02-10-19 03:00:00,521.739500000000
02-10-19 04:00:00,471.166500000000
02-10-19 05:00:00,254.580000000000
02-10-19 06:00:00,193.400000000000
02-10-19 07:00:00,471.679190000000
02-10-19 08:00:00,263.545014062000
02-10-19 09:00:00,133.201800000000
02-10-19 10:00:00,261.510000000000
02-10-19 11:00:00,276.124550000000
02-10-19 12:00:00,199.832900000000
02-11-19 01:00:00,1066.154600000000
02-11-19 02:00:00,764.880000000000
02-11-19 03:00:00,508.105000000000
02-11-19 04:00:00,419.480000000000
02-11-19 05:00:00,459.414200000000
02-11-19 06:00:00,851.970000000000
02-11-19 07:00:00,416.550000000000
02-11-19 08:00:00,447.530000000000
02-11-19 09:00:00,88.600000000000
02-11-19 10:00:00,196.000000000000
02-11-19 11:00:00,811.127400054000
02-11-19 12:00:00,686.205800000000
02-12-19 01:00:00,338.187000000000
02-12-19 02:00:00,1351.353000000000
02-12-19 03:00:00,430.735000000000
02-12-19 04:00:00,730.942125000000
02-12-19 05:00:00,196.360050000000
02-12-19 06:00:00,573.710000000000
02-12-19 07:00:00,288.070000000000
02-12-19 08:00:00,391.690000000000
02-12-19 09:00:00,880.395000000000
02-12-19 10:00:00,275.230000000000
02-12-19 11:00:00,455.797402000000
02-12-19 12:00:00,689.496473324000
03-06-19 01:00:00,2047.730000000000
03-06-19 02:00:00,53.070000000000
03-06-19 03:00:00,308.613333320000
03-06-19 04:00:00,203.300000000000
03-06-19 08:00:00,48.150000000000
03-06-19 09:00:00,125.550000000000
03-06-19 10:00:00,219.800000000000
03-06-19 11:00:00,226.290000000000
03-06-19 12:00:00,92.150000000000
03-07-19 01:00:00,306.447999960000
03-07-19 02:00:00,1070.833200000000
03-07-19 03:00:00,397.884999988000
03-07-19 04:00:00,12.677499982500
03-07-19 05:00:00,21.491666787500
03-07-19 06:00:00,300.780000000000
03-07-19 07:00:00,101.150000000000
03-07-19 08:00:00,48.650400000000
03-07-19 09:00:00,575.835000000000
03-07-19 10:00:00,729.340000000000
03-07-19 11:00:00,547.210000000000
03-07-19 12:00:00,255.052200000000
03-08-19 01:00:00,439.754100000000
03-08-19 02:00:00,352.596000000000
03-08-19 03:00:00,530.851829980000
03-08-19 04:00:00,599.900400000000
03-08-19 05:00:00,3892.330000000000
03-08-19 06:00:00,904.531800000000
03-08-19 07:00:00,2137.210800000000
03-08-19 08:00:00,225.310000000000
03-08-19 09:00:00,407.071480000000
03-08-19 10:00:00,1152.016500000000
03-08-19 11:00:00,3013.445000000000
03-08-19 12:00:00,828.474800000000
03-09-19 01:00:00,1605.365200000000
03-09-19 02:00:00,2685.220300000000
03-09-19 03:00:00,2391.703500000000
03-09-19 04:00:00,900.315000000000
03-09-19 05:00:00,597.018400000000
03-09-19 06:00:00,1142.734999980000
03-09-19 07:00:00,604.640400000000
03-09-19 08:00:00,583.232300000000
03-09-19 09:00:00,125.390800000000
03-09-19 10:00:00,364.105000000000
03-09-19 11:00:00,2087.070000000000
03-09-19 12:00:00,2390.845200000000
03-10-19 01:00:00,688.006000000000
03-10-19 02:00:00,640.480200000000
03-10-19 03:00:00,269.891600000000
03-10-19 04:00:00,259.413000000000
03-10-19 05:00:00,284.390000000000
03-10-19 06:00:00,271.754000000000
03-10-19 07:00:00,310.650000000000
03-10-19 08:00:00,772.969800000000
03-10-19 09:00:00,1034.130000000000
03-10-19 10:00:00,289.732899992500
03-10-19 11:00:00,437.410400000000
03-10-19 12:00:00,990.704100000000
03-11-19 01:00:00,605.510135000000
03-11-19 02:00:00,-174.254200000000
03-11-19 03:00:00,620.745000000000
03-11-19 04:00:00,31.150000000000
03-11-19 05:00:00,145.950000000000
03-11-19 06:00:00,307.475400000000
03-11-19 07:00:00,643.208600000000
03-11-19 08:00:00,455.020800000000
03-11-19 09:00:00,362.335000000000
03-11-19 10:00:00,580.390400000000
03-11-19 11:00:00,705.040000000000
03-11-19 12:00:00,709.590000000000
03-12-19 01:00:00,339.255400000000
03-12-19 02:00:00,594.534200000000
03-12-19 03:00:00,343.780280000000
03-12-19 04:00:00,620.620000000000
03-12-19 05:00:00,234.430000000000
03-12-19 06:00:00,606.435000000000
03-12-19 07:00:00,421.730000000000
03-12-19 08:00:00,358.015000000000
03-12-19 09:00:00,477.060000000000
03-12-19 10:00:00,273.815000000000
03-12-19 11:00:00,385.882399960000
03-12-19 12:00:00,573.575000000000
04-06-19 01:00:00,249.300000000000
04-06-19 02:00:00,238.550000000000
04-06-19 03:00:00,120.250000000000
04-06-19 04:00:00,19.200000000000
04-06-19 10:00:00,6.800000000000
04-06-19 11:00:00,80.235000000000
04-06-19 12:00:00,226.080000000000
04-07-19 01:00:00,594.315000000000
04-07-19 02:00:00,23.730000000000
04-07-19 03:00:00,21.000000000000
04-07-19 04:00:00,438.945000000000
04-07-19 05:00:00,282.526100000000
04-07-19 06:00:00,184.670000040000
04-07-19 07:00:00,190.735000000000
04-07-19 08:00:00,75.297500000000
04-07-19 09:00:00,328.896000065000
04-07-19 10:00:00,223.690000000000
04-07-19 11:00:00,444.919999923000
04-07-19 12:00:00,392.950000000000
04-08-19 01:00:00,497.977800000000
04-08-19 02:00:00,1193.090000000000
04-08-19 03:00:00,658.760000000000
04-08-19 04:00:00,330.825200000000
04-08-19 05:00:00,4980.667000000000
04-08-19 06:00:00,72.590000000000
04-08-19 07:00:00,1811.312000000000
04-08-19 08:00:00,324.824300000000
04-08-19 09:00:00,70.440000000000
04-08-19 10:00:00,306.188399975000
04-08-19 11:00:00,591.170000000000
04-08-19 12:00:00,903.071200000000
04-09-19 01:00:00,1031.350400000000
04-09-19 02:00:00,1741.950600000000
04-09-19 03:00:00,1347.776500000000
04-09-19 04:00:00,1033.085200000000
04-09-19 05:00:00,1117.555000000000
04-09-19 06:00:00,1258.955000000000
04-09-19 07:00:00,1251.394000000000
04-09-19 08:00:00,1158.315000000000
04-09-19 09:00:00,463.347500000000
04-09-19 10:00:00,3019.263600000000
04-09-19 11:00:00,4938.407800000000
04-09-19 12:00:00,1179.414799980000
04-11-19 01:00:00,694.750400000000
04-11-19 02:00:00,1999.480800000000
04-11-19 03:00:00,429.203610000000
04-11-19 04:00:00,85.446600000000
04-11-19 05:00:00,259.535000000000
04-11-19 06:00:00,1468.045750000000
04-11-19 07:00:00,347.870000000000
04-11-19 08:00:00,531.562000000000
04-11-19 09:00:00,208.395000000000
04-11-19 10:00:00,294.320199971000
04-11-19 11:00:00,664.568700000000
04-11-19 12:00:00,313.710800000000
04-12-19 01:00:00,557.490000000000
04-12-19 02:00:00,259.065850000000
04-12-19 03:00:00,149.230000000000
04-12-19 04:00:00,415.830000000000
04-12-19 05:00:00,127.170000000000
04-12-19 06:00:00,91.415000000000
04-12-19 07:00:00,88.471000000000
04-12-19 08:00:00,398.156000000000
04-12-19 09:00:00,182.170000000000
04-12-19 10:00:00,319.736666654000
04-12-19 11:00:00,1074.362300000000
04-12-19 12:00:00,848.215000000000
05-08-19 01:00:00,1788.573733345000
05-08-19 02:00:00,1884.249933380000
05-08-19 03:00:00,441.712500000000
05-08-19 04:00:00,1293.840000000000
05-08-19 05:00:00,-1.189999990000
05-08-19 06:00:00,1397.193500000000
05-08-19 07:00:00,-1304.957000000000
05-08-19 08:00:00,157.520000000000
05-08-19 09:00:00,169.832000000000
05-08-19 10:00:00,227.065000000000
05-08-19 11:00:00,1079.484000000000
05-08-19 12:00:00,326.773900000000
05-09-19 01:00:00,2602.159900000000
05-09-19 02:00:00,2020.720300000000
05-09-19 03:00:00,2830.579700000000
05-09-19 04:00:00,714.638400000000
05-09-19 05:00:00,1448.610000000000
05-09-19 06:00:00,795.952400000000
05-09-19 07:00:00,1910.614975006000
05-09-19 08:00:00,888.450000000000
05-09-19 09:00:00,912.773000000000
05-09-19 10:00:00,910.030000000000
05-09-19 11:00:00,1499.517133160000
05-09-19 12:00:00,841.836399920000
05-10-19 01:00:00,1168.307733370000
05-10-19 02:00:00,526.921200000000
05-10-19 03:00:00,346.870100000000
05-10-19 04:00:00,353.200000000000
05-10-19 05:00:00,655.898950000000
05-10-19 06:00:00,308.020800000000
05-10-19 07:00:00,332.762000000000
05-10-19 08:00:00,690.976450000000
05-10-19 09:00:00,780.704800000000
05-10-19 10:00:00,262.180000000000
05-10-19 11:00:00,1318.695900000000
05-10-19 12:00:00,673.922000000000
05-11-19 01:00:00,-181.238366696900
05-11-19 02:00:00,383.820300000000
05-11-19 03:00:00,1041.990000000000
05-11-19 04:00:00,408.980800000000
05-11-19 05:00:00,309.400125000000
05-11-19 06:00:00,187.640000000000
05-11-19 07:00:00,432.350000000000
05-11-19 08:00:00,467.253000000000
05-11-19 09:00:00,151.490000000000
05-11-19 10:00:00,206.800000000000
05-11-19 11:00:00,1158.635600000000
05-11-19 12:00:00,2094.348000000000
05-12-19 01:00:00,198.235000000000
05-12-19 02:00:00,3083.311200000000
05-12-19 03:00:00,984.090000000000
05-12-19 04:00:00,528.400000000000
05-12-19 05:00:00,1147.050000000000
05-12-19 06:00:00,467.615000000000
05-12-19 07:00:00,665.295000000000
05-12-19 08:00:00,164.620000000000
05-12-19 09:00:00,33.500000000000
05-12-19 11:00:00,253.000000000000
05-12-19 12:00:00,595.465000000000
06-07-19 01:00:00,134.062500000000
06-07-19 02:00:00,179.570000000000
06-07-19 03:00:00,520.540000000000
06-07-19 04:00:00,265.180000000000
06-07-19 05:00:00,381.117000000000
06-07-19 06:00:00,203.058000000000
06-07-19 07:00:00,398.050000000000
06-07-19 08:00:00,210.970000000000
06-07-19 09:00:00,199.785000000000
06-07-19 10:00:00,404.020000000000
06-07-19 11:00:00,311.842600000000
06-07-19 12:00:00,202.890000000000
06-08-19 01:00:00,778.389999960000
06-08-19 02:00:00,972.550000000000
06-08-19 03:00:00,969.134600000000
06-08-19 04:00:00,264.099699988000
06-08-19 05:00:00,575.164935000000
06-08-19 06:00:00,79.000000000000
06-08-19 07:00:00,714.969000000000
06-08-19 08:00:00,6110.420800000000
06-08-19 09:00:00,1983.371000000000
06-08-19 10:00:00,1725.279600000000
06-08-19 11:00:00,481.395000000000
06-08-19 12:00:00,1953.971200000000
06-09-19 05:00:00,1829.880800000000
06-09-19 07:00:00,1894.780000000000
06-10-19 01:00:00,746.390250000000
06-10-19 02:00:00,2560.932500015000
06-10-19 03:00:00,85.600800000000
06-10-19 04:00:00,284.090000000000
06-10-19 05:00:00,203.974650000000
06-10-19 06:00:00,530.365000000000
06-10-19 07:00:00,559.830000000000
06-10-19 08:00:00,534.467500000000
06-10-19 09:00:00,448.645050000000
06-10-19 10:00:00,232.832000000000
06-10-19 11:00:00,215.390000000000
06-10-19 12:00:00,43.488000000000
06-11-19 01:00:00,223.595000000000
06-11-19 02:00:00,39.965000000000
06-11-19 03:00:00,1071.992000000000
06-11-19 04:00:00,828.931500000000
06-11-19 05:00:00,96.675000000000
06-11-19 06:00:00,322.065000000000
06-11-19 07:00:00,296.320000000000
06-11-19 08:00:00,205.680000000000
06-11-19 09:00:00,580.990000000000
06-11-19 10:00:00,161.204000000000
06-11-19 11:00:00,346.380000000000
06-11-19 12:00:00,341.908028000000
07-07-19 01:00:00,350.785000000000
07-07-19 02:00:00,185.530000000000
07-07-19 03:00:00,689.300000000000
07-07-19 04:00:00,517.314999983150
07-07-19 05:00:00,35.690000000000
07-07-19 06:00:00,364.180000000000
07-07-19 07:00:00,5205.454400000000
07-07-19 08:00:00,55.400000000000
07-07-19 09:00:00,385.500000000000
07-07-19 10:00:00,525.628000000000
07-07-19 11:00:00,215.900000000000
07-07-19 12:00:00,207.240000000000
07-08-19 01:00:00,4613.982500000000
07-08-19 02:00:00,1820.530000000000
07-08-19 03:00:00,101.782400000000
07-08-19 04:00:00,2229.210000000000
07-08-19 05:00:00,700.546000000000
07-08-19 06:00:00,282.650000000000
07-08-19 07:00:00,379.305300000000
07-08-19 08:00:00,371.202400000000
07-08-19 09:00:00,634.835000000000
07-08-19 10:00:00,2071.125000000000
07-08-19 11:00:00,290.700000000000
07-08-19 12:00:00,590.960400000000
07-09-19 01:00:00,2524.878788365000
07-09-19 02:00:00,2019.682800000000
07-09-19 03:00:00,2074.652310060000
07-09-19 04:00:00,1640.273500000000
07-09-19 05:00:00,1831.672733420000
07-09-19 06:00:00,1740.109800000000
07-09-19 07:00:00,2610.743400000000
07-09-19 08:00:00,1605.825550080000
07-09-19 09:00:00,2126.277390080000
07-09-19 10:00:00,2454.555000000000
07-09-19 11:00:00,1510.975700000000
07-09-19 12:00:00,1395.938450000000
07-10-19 01:00:00,452.600400000000
07-10-19 02:00:00,762.202900000000
07-10-19 03:00:00,908.900400000000
07-10-19 04:00:00,367.070000000000
07-10-19 05:00:00,221.695000000000
07-10-19 06:00:00,165.770000000000
07-10-19 07:00:00,570.757500000000
07-10-19 08:00:00,422.720000000000
07-10-19 09:00:00,405.532500000000
07-10-19 10:00:00,1179.380000000000
07-10-19 11:00:00,568.898700000000
07-10-19 12:00:00,456.638000000000
07-11-19 01:00:00,941.402900000000
07-11-19 02:00:00,779.200400000000
07-11-19 03:00:00,527.830000000000
07-11-19 04:00:00,391.885000000000
07-11-19 05:00:00,1314.829600000000
07-11-19 06:00:00,252.886500000000
07-11-19 07:00:00,106.950600000000
07-11-19 08:00:00,285.041200000000
07-11-19 09:00:00,134.920000000000
07-11-19 10:00:00,367.240000000000
07-11-19 11:00:00,562.490000000000
07-11-19 12:00:00,489.215400000000
07-12-19 01:00:00,421.312050000000
07-12-19 02:00:00,378.133150000000
07-12-19 03:00:00,200.870000000000
07-12-19 04:00:00,765.465000000000
07-12-19 05:00:00,419.395000000000
07-12-19 06:00:00,542.380000000000
07-12-19 07:00:00,1045.395000000000
07-12-19 08:00:00,247.253800000000
07-12-19 09:00:00,650.235000000000
07-12-19 10:00:00,398.980000000000
07-12-19 11:00:00,1101.590000000000
07-12-19 12:00:00,348.937200000000
08-06-19 01:00:00,218.800000000000
08-06-19 02:00:00,361.770000000000
08-06-19 03:00:00,99.755000000000
08-06-19 04:00:00,62.350000000000
08-06-19 05:00:00,131.740000000000
08-06-19 06:00:00,336.350000000000
08-06-19 07:00:00,300.265000000000
08-06-19 08:00:00,183.082100000000
08-06-19 09:00:00,155.500000000000
08-06-19 10:00:00,297.700000000000
08-06-19 11:00:00,765.223333328000
08-06-19 12:00:00,204.100000000000
08-07-19 01:00:00,328.555000000000
08-07-19 02:00:00,21.000000000000
08-07-19 03:00:00,2091.774000000000
08-07-19 04:00:00,360.250000000000
08-07-19 05:00:00,698.031000026000
08-07-19 06:00:00,120.020000000000
08-07-19 07:00:00,148.960000000000
08-07-19 08:00:00,398.593999960000
08-07-19 09:00:00,185.695000000000
08-07-19 10:00:00,1616.220000000000
08-07-19 11:00:00,307.540000000000
08-07-19 12:00:00,659.682200000000
08-08-19 01:00:00,1338.887733325000
08-08-19 02:00:00,954.984800000000
08-08-19 03:00:00,3891.412500000000
08-08-19 04:00:00,11650.320000000000
08-08-19 05:00:00,-1302.299600000000
08-08-19 06:00:00,608.900000000000
08-08-19 07:00:00,1229.015000000000
08-08-19 08:00:00,153.850000000000
08-08-19 09:00:00,587.168400000000
08-08-19 10:00:00,476.308000000000
08-08-19 11:00:00,418.022900000000
08-08-19 12:00:00,744.830933325000
08-09-19 01:00:00,1782.724000000000
08-09-19 02:00:00,1756.228900026000
08-09-19 03:00:00,1410.241166666500
08-09-19 04:00:00,1551.037500000000
08-09-19 05:00:00,1704.240999920000
08-09-19 06:00:00,345.946200000000
08-09-19 07:00:00,632.617500000000
08-09-19 08:00:00,960.875000000000
08-09-19 09:00:00,197.115000000000
08-09-19 10:00:00,530.340000000000
08-09-19 11:00:00,622.347500000000
08-09-19 12:00:00,649.661666680000
08-10-19 01:00:00,679.905000000000
08-10-19 02:00:00,874.210110000000
08-10-19 03:00:00,232.380000000000
08-10-19 04:00:00,260.890000000000
08-10-19 05:00:00,201.440000000000
08-10-19 06:00:00,123.440000000000
08-10-19 07:00:00,412.350000000000
08-10-19 08:00:00,907.975700000000
08-10-19 09:00:00,721.089235000000
08-10-19 10:00:00,126.450000000000
08-10-19 11:00:00,233.316500000000
08-10-19 12:00:00,365.394500000000
08-12-19 01:00:00,398.540000000000
08-12-19 02:00:00,248.160000000000
08-12-19 03:00:00,506.480000000000
08-12-19 04:00:00,170.296250000000
08-12-19 05:00:00,105.130000000000
08-12-19 06:00:00,313.160000000000
08-12-19 07:00:00,369.330000000000
08-12-19 08:00:00,266.315000000000
08-12-19 09:00:00,167.145000000000
08-12-19 10:00:00,154.499860000000
08-12-19 11:00:00,261.190000000000
08-12-19 12:00:00,655.290000000000
09-06-19 01:00:00,1368.236900000000
09-06-19 02:00:00,87.750000000000
09-06-19 03:00:00,237.400000000000
09-06-19 04:00:00,158.710000000000
09-06-19 05:00:00,87.430000000000
09-06-19 06:00:00,179.860000000000
09-06-19 07:00:00,260.925000000000
09-06-19 08:00:00,384.735000000000
09-06-19 09:00:00,72.526000000000
09-06-19 10:00:00,453.090700000000
09-06-19 11:00:00,79.010000000000
09-06-19 12:00:00,520.750000000000
09-07-19 01:00:00,755.640000000000
09-07-19 02:00:00,1232.647933420000
09-07-19 03:00:00,556.740000000000
09-07-19 04:00:00,152.290000000000
09-07-19 05:00:00,138.940000000000
09-07-19 06:00:00,226.510000000000
09-07-19 07:00:00,479.255000050000
09-07-19 08:00:00,221.529999995000
09-07-19 09:00:00,147.250000000000
09-07-19 10:00:00,318.522900000000
09-07-19 11:00:00,524.443333305000
09-07-19 12:00:00,204.268000000000
09-09-19 01:00:00,1522.062466678000
09-09-19 02:00:00,1273.504700000000
09-09-19 03:00:00,1793.301600000000
09-09-19 04:00:00,2727.756350000000
09-09-19 05:00:00,1447.487400000000
09-09-19 06:00:00,1868.562000000000
09-09-19 07:00:00,1067.920000000000
09-09-19 08:00:00,1505.100300080000
09-09-19 09:00:00,1780.330100000000
09-09-19 10:00:00,1450.160000000000
09-09-19 11:00:00,2342.982000000000
09-09-19 12:00:00,1543.871599920000
09-10-19 01:00:00,534.448910000000
09-10-19 02:00:00,366.325175000000
09-10-19 03:00:00,227.206300000000
09-10-19 04:00:00,358.260014000000
09-10-19 05:00:00,680.827500000000
09-10-19 06:00:00,176.061720000000
09-10-19 07:00:00,728.882500000000
09-10-19 08:00:00,315.440000000000
09-10-19 09:00:00,274.919000000000
09-10-19 10:00:00,492.749900000000
09-10-19 11:00:00,502.197150000000
09-10-19 12:00:00,437.791510000000
09-11-19 01:00:00,603.208000000000
09-11-19 02:00:00,432.240800000000
09-11-19 03:00:00,288.868333322000
09-11-19 04:00:00,272.855400000000
09-11-19 05:00:00,119.500000000000
09-11-19 06:00:00,51.668090000000
09-11-19 07:00:00,583.388000000000
09-11-19 08:00:00,549.255000000000
09-11-19 09:00:00,677.358000000000
09-11-19 10:00:00,369.440000000000
09-11-19 11:00:00,182.615000000000
09-11-19 12:00:00,767.085635000000
09-12-19 01:00:00,371.735000000000
09-12-19 02:00:00,322.994011700000
09-12-19 03:00:00,646.530000000000
09-12-19 04:00:00,1082.180000000000
09-12-19 05:00:00,246.190000000000
09-12-19 06:00:00,523.185000000000
09-12-19 07:00:00,-166.925000000000
09-12-19 08:00:00,362.701430000000
09-12-19 09:00:00,451.825200000000
09-12-19 10:00:00,504.035000000000
09-12-19 11:00:00,467.085000000000
09-12-19 12:00:00,726.442333220000
10-06-19 01:00:00,922.924400000000
10-06-19 02:00:00,568.335000000000
10-06-19 03:00:00,548.060000000000
10-06-19 05:00:00,138.450000000000
10-06-19 06:00:00,20.730000000000
10-06-19 07:00:00,251.219999974000
10-06-19 08:00:00,69.280000000000
10-06-19 09:00:00,51.770000000000
10-06-19 10:00:00,176.370000000000
10-06-19 11:00:00,670.595000000000
10-06-19 12:00:00,401.265000000000
10-07-19 01:00:00,196.914800000000
10-07-19 02:00:00,31.474999955000
10-07-19 03:00:00,164.332000000000
10-07-19 04:00:00,512.330000000000
10-07-19 05:00:00,1061.940000000000
10-07-19 06:00:00,198.650000000000
10-07-19 07:00:00,297.076680000000
10-07-19 08:00:00,244.605000000000
10-07-19 09:00:00,93.830000000000
10-07-19 10:00:00,164.798866653000
10-07-19 11:00:00,259.596000000000
10-07-19 12:00:00,814.362800000000
10-09-19 01:00:00,1515.988500000000
10-09-19 02:00:00,2057.029500000000
10-09-19 03:00:00,2189.052250000000
10-09-19 04:00:00,1956.970400024000
10-09-19 05:00:00,1071.108949970000
10-09-19 06:00:00,871.709988000000
10-09-19 07:00:00,3132.850000000000
10-09-19 08:00:00,1763.697000000000
10-09-19 09:00:00,1649.425000000000
10-09-19 10:00:00,2256.832533365000
10-09-19 11:00:00,2398.386400067000
10-09-19 12:00:00,1766.861100000000
10-10-19 01:00:00,180.710000000000
10-10-19 02:00:00,2040.960000000000
10-10-19 03:00:00,426.334550000000
10-10-19 04:00:00,469.345000000000
10-10-19 05:00:00,424.280000000000
10-10-19 06:00:00,544.893000000000
10-10-19 07:00:00,371.463000000000
10-10-19 08:00:00,269.435000000000
10-10-19 09:00:00,67.800000000000
10-10-19 10:00:00,135.960000000000
10-10-19 11:00:00,256.322700000000
10-10-19 12:00:00,580.195500000000
10-11-19 01:00:00,780.010400000000
10-11-19 02:00:00,300.100800000000
10-11-19 03:00:00,349.082000000000
10-11-19 04:00:00,156.631600000000
10-11-19 05:00:00,439.540000000000
10-11-19 06:00:00,272.057900000000
10-11-19 07:00:00,190.606000000000
10-11-19 08:00:00,43.250000000000
10-11-19 09:00:00,320.489000000000
10-11-19 10:00:00,511.563884872500
10-11-19 11:00:00,535.420799960000
10-11-19 12:00:00,973.760000000000
10-12-19 01:00:00,2807.670000000000
10-12-19 02:00:00,4717.560000000000
10-12-19 03:00:00,803.968333350000
10-12-19 04:00:00,161.140400000000
10-12-19 05:00:00,430.220000000000
10-12-19 06:00:00,156.140180000000
10-12-19 07:00:00,72.590000000000
10-12-19 08:00:00,514.125000000000
10-12-19 09:00:00,511.990000000000
10-12-19 10:00:00,433.230000000000
10-12-19 11:00:00,341.852550000000
10-12-19 12:00:00,528.955700000000
11-06-19 01:00:00,270.180000000000
11-06-19 02:00:00,1499.210000000000
11-06-19 03:00:00,210.290000000000
11-06-19 04:00:00,394.105000000000
11-06-19 05:00:00,170.230000000000
11-06-19 07:00:00,897.530000000000
11-06-19 08:00:00,48.250000000000
11-06-19 09:00:00,111.040000000000
11-06-19 10:00:00,649.490500000000
11-06-19 11:00:00,212.437800000000
11-06-19 12:00:00,2004.255000000000
11-07-19 01:00:00,484.874999861000
11-07-19 02:00:00,4992.400000000000
11-07-19 03:00:00,2466.322300000000
11-07-19 04:00:00,95.780000000000
11-07-19 05:00:00,266.974000000000
11-07-19 06:00:00,119.730000000000
11-07-19 07:00:00,178.960000000000
11-07-19 08:00:00,824.269700000000
11-07-19 09:00:00,687.066666640000
11-07-19 10:00:00,4605.740000000000
11-07-19 11:00:00,336.770000000000
11-07-19 12:00:00,848.851200000000
11-09-19 01:00:00,1414.474800000000
11-09-19 02:00:00,1356.602800000000
11-09-19 03:00:00,2455.906600000000
11-09-19 04:00:00,1667.142599980000
11-09-19 05:00:00,2553.476100000000
11-09-19 06:00:00,1241.025200000000
11-09-19 07:00:00,1789.053950000000
11-09-19 08:00:00,1178.670400000000
11-09-19 09:00:00,682.814000000000
11-09-19 10:00:00,1485.335400000000
11-09-19 11:00:00,1879.839166635000
11-09-19 12:00:00,2288.770000000000
11-11-19 01:00:00,405.151376640000
11-11-19 02:00:00,285.929050000000
11-11-19 03:00:00,1122.619999991000
11-11-19 04:00:00,717.715000000000
11-11-19 05:00:00,523.765000000000
11-11-19 06:00:00,192.530000000000
11-11-19 07:00:00,653.400000000000
11-11-19 08:00:00,254.300000000000
11-11-19 09:00:00,250.540070000000
11-11-19 10:00:00,388.648000000000
11-11-19 11:00:00,361.230000000000
11-11-19 12:00:00,381.015000000000
11-12-19 01:00:00,824.440000000000
11-12-19 02:00:00,293.870000000000
11-12-19 03:00:00,222.580000000000
11-12-19 04:00:00,564.580000000000
11-12-19 05:00:00,346.144999974000
11-12-19 06:00:00,1507.497000000000
11-12-19 07:00:00,850.460000000000
11-12-19 08:00:00,120.670000000000
11-12-19 09:00:00,327.825000000000
11-12-19 10:00:00,94.880000000000
11-12-19 11:00:00,587.555000024000
11-12-19 12:00:00,457.390000000000
12-06-19 01:00:00,494.515000000000
12-06-19 02:00:00,66.910000000000
12-06-19 03:00:00,154.460000000000
12-06-19 04:00:00,28.900000000000
12-06-19 05:00:00,422.415000000000
12-06-19 06:00:00,83.400000000000
12-06-19 07:00:00,247.590000000000
12-06-19 08:00:00,165.050000000000
12-06-19 09:00:00,290.432866635000
12-06-19 10:00:00,1186.700000000000
12-06-19 11:00:00,125.836500000000
12-06-19 12:00:00,742.320000000000
12-09-19 01:00:00,2732.709300080000
12-09-19 02:00:00,1813.286000000000
12-09-19 03:00:00,2456.637300000000
12-09-19 04:00:00,1352.616000000000
12-09-19 05:00:00,2817.015400000000
12-09-19 06:00:00,1945.440000000000
12-09-19 07:00:00,452.228400000000
12-09-19 08:00:00,1105.175160000000
12-09-19 09:00:00,894.152900000000
12-09-19 10:00:00,1727.572500000000
12-09-19 11:00:00,1597.076600000000
12-09-19 12:00:00,1299.561210000000
12-10-19 01:00:00,414.764000000000
12-10-19 02:00:00,1236.694800000000
12-10-19 03:00:00,279.206400000000
12-10-19 04:00:00,517.180000000000
12-10-19 05:00:00,133.040000000000
12-10-19 06:00:00,230.315140000000
12-10-19 07:00:00,583.235000000000
12-10-19 08:00:00,297.231000000000
12-10-19 09:00:00,181.303400000000
12-10-19 10:00:00,317.243220000000
12-10-19 11:00:00,712.279000000000
12-10-19 12:00:00,870.472500000000
12-11-19 01:00:00,498.113333335000
12-11-19 02:00:00,395.196200000000
12-11-19 03:00:00,925.299500000000
12-11-19 04:00:00,439.186433297000
12-11-19 05:00:00,118.280000000000
12-11-19 06:00:00,299.670000000000
12-11-19 07:00:00,292.562200000000
12-11-19 08:00:00,331.810000000000
12-11-19 09:00:00,188.280000000000
12-11-19 10:00:00,830.700000000000
12-11-19 11:00:00,366.260000000000
12-11-19 12:00:00,635.003116685000
12-12-19 01:00:00,461.850000000000
12-12-19 02:00:00,446.743200000000
12-12-19 03:00:00,789.640000000000
12-12-19 04:00:00,1681.145075000000
12-12-19 05:00:00,250.680000000000
12-12-19 06:00:00,556.620000000000
12-12-19 07:00:00,178.890000000000
12-12-19 08:00:00,231.460000000000
12-12-19 09:00:00,34.050000000000
12-12-19 10:00:00,132.310000000000
12-12-19 11:00:00,223.085200000000
12-12-19 12:00:00,817.450000000000
13-06-19 01:00:00,3298.328292000000
13-06-19 02:00:00,223.415000000000
13-06-19 03:00:00,282.955000000000
13-06-19 04:00:00,316.635000000000
13-06-19 05:00:00,209.280000000000
13-06-19 06:00:00,116.400000000000
13-06-19 07:00:00,109.660000000000
13-06-19 08:00:00,85.870000000000
13-06-19 09:00:00,2655.900000000000
13-06-19 10:00:00,241.920000000000
13-06-19 11:00:00,641.230000000000
13-06-19 12:00:00,248.670000000000
13-07-19 01:00:00,110.830000000000
13-07-19 02:00:00,150.450000000000
13-07-19 03:00:00,699.729400000000
13-07-19 04:00:00,809.840000000000
13-07-19 05:00:00,570.310000000000
13-07-19 06:00:00,334.730000000000
13-07-19 07:00:00,92.389999988000
13-07-19 08:00:00,101.805000000000
13-07-19 09:00:00,303.340000000000
13-07-19 10:00:00,399.980000000000
13-07-19 11:00:00,170.394999851000
13-07-19 12:00:00,852.330000000000
13-09-19 02:00:00,87.011000000000
13-09-19 03:00:00,31.000000000000
13-09-19 04:00:00,175.000000000000
13-10-19 01:00:00,494.486900000000
13-10-19 02:00:00,333.140000000000
13-10-19 03:00:00,668.297900000000
13-10-19 04:00:00,312.370000000000
13-10-19 05:00:00,219.046540000000
13-10-19 06:00:00,190.110650000000
13-10-19 07:00:00,600.941250000000
13-10-19 08:00:00,626.460400000000
13-10-19 09:00:00,777.305000000000
13-10-19 10:00:00,171.720000000000
13-10-19 11:00:00,325.268299000000
13-10-19 12:00:00,759.121000000000
13-11-19 01:00:00,485.485000000000
13-11-19 02:00:00,247.200050000000
13-11-19 03:00:00,246.237200000000
13-11-19 04:00:00,2205.265000000000
13-11-19 05:00:00,404.927140000000
13-11-19 06:00:00,405.637000000000
13-11-19 07:00:00,396.300000000000
13-11-19 08:00:00,462.441200000000
13-11-19 09:00:00,395.339800000000
13-11-19 10:00:00,206.000000000000
13-11-19 11:00:00,423.238000000000
13-11-19 12:00:00,2786.226000000000
14-07-19 01:00:00,169.850000000000
14-07-19 02:00:00,38.445000000000
14-07-19 03:00:00,2578.727500000000
14-07-19 04:00:00,299.410000000000
14-07-19 05:00:00,318.890000000000
14-07-19 06:00:00,176.535000000000
14-07-19 07:00:00,330.187000000000
14-07-19 08:00:00,40.065000000000
14-07-19 09:00:00,206.650000000000
14-07-19 10:00:00,224.239999790000
14-07-19 11:00:00,291.626000000000
14-07-19 12:00:00,862.795600000000
14-08-19 01:00:00,1.800000000000
14-08-19 10:00:00,156.650000000000
14-08-19 11:00:00,72.000000000000
14-09-19 01:00:00,2212.490400022000
14-09-19 02:00:00,2359.956800000000
14-09-19 03:00:00,1891.792395000000
14-09-19 04:00:00,1454.630050000000
14-09-19 05:00:00,1819.860000000000
14-09-19 06:00:00,2034.298750000000
14-09-19 07:00:00,1314.834900000000
14-09-19 08:00:00,2327.604810000000
14-09-19 09:00:00,1263.082200000000
14-09-19 10:00:00,1524.835400000000
14-09-19 11:00:00,2008.889100000000
14-09-19 12:00:00,2631.636600000000
14-10-19 01:00:00,1122.832333369000
14-10-19 02:00:00,1328.750800000000
14-10-19 03:00:00,1231.246800000000
14-10-19 04:00:00,1583.033000000000
14-10-19 05:00:00,1449.150000000000
14-10-19 06:00:00,423.310000000000
14-10-19 07:00:00,317.301100000000
14-10-19 08:00:00,330.485200000000
14-10-19 09:00:00,117.340000000000
14-10-19 10:00:00,220.705400000000
14-10-19 11:00:00,435.630000015000
14-10-19 12:00:00,212.385000000000
14-11-19 01:00:00,533.275400000000
14-11-19 02:00:00,462.503200000000
14-11-19 03:00:00,124.480260000000
14-11-19 04:00:00,546.606000000000
14-11-19 05:00:00,810.115000000000
14-11-19 06:00:00,853.156600000000
14-11-19 07:00:00,192.610000000000
14-11-19 08:00:00,67.290000000000
14-11-19 09:00:00,166.364000000000
14-11-19 10:00:00,209.325000000000
14-11-19 11:00:00,577.190000000000
14-11-19 12:00:00,313.660000000000
14-12-19 01:00:00,1043.850000000000
14-12-19 02:00:00,622.856270000000
14-12-19 03:00:00,462.367000000000
14-12-19 04:00:00,297.092900000000
14-12-19 05:00:00,62.125000000000
14-12-19 06:00:00,175.853720000000
14-12-19 07:00:00,435.530000000000
14-12-19 08:00:00,284.735429000000
14-12-19 09:00:00,323.075000000000
14-12-19 10:00:00,670.551993940000
14-12-19 11:00:00,771.145325000000
14-12-19 12:00:00,319.790000000000
15-06-19 01:00:00,2257.056500000000
15-06-19 02:00:00,216.367500000000
15-06-19 03:00:00,1094.650000000000
15-06-19 04:00:00,106.360000000000
15-06-19 05:00:00,354.680000000000
15-06-19 06:00:00,687.250000000000
15-06-19 07:00:00,2029.071600000000
15-06-19 08:00:00,200.420000000000
15-06-19 09:00:00,88.388200000000
15-06-19 10:00:00,210.540000000000
15-06-19 11:00:00,813.956666720000
15-06-19 12:00:00,1657.460000000000
15-07-19 01:00:00,386.798000000000
15-07-19 02:00:00,774.590000000000
15-07-19 03:00:00,99.760000000000
15-07-19 04:00:00,130.620000000000
15-07-19 05:00:00,8.900000000000
15-07-19 06:00:00,71.305000000000
15-07-19 07:00:00,482.503333430000
15-07-19 08:00:00,130.488600000000
15-07-19 09:00:00,527.593800000000
15-07-19 10:00:00,497.669900000000
15-07-19 11:00:00,444.620000000000
15-07-19 12:00:00,414.530000000000
15-08-19 01:00:00,1311.352000000000
15-08-19 02:00:00,4271.086800000000
15-08-19 03:00:00,745.174999978000
15-08-19 04:00:00,1716.060999980000
15-08-19 05:00:00,226.130000000000
15-08-19 06:00:00,1111.039600000000
15-08-19 07:00:00,140.487066655000
15-08-19 08:00:00,1022.050000000000
15-08-19 09:00:00,1192.370700000000
15-08-19 10:00:00,908.960000030000
15-08-19 11:00:00,1265.819400000000
15-08-19 12:00:00,673.872000000000
15-09-19 01:00:00,1962.445640030000
15-09-19 02:00:00,1276.911100000000
15-09-19 03:00:00,1705.372400000000
15-09-19 04:00:00,844.739400000000
15-09-19 05:00:00,841.135000000000
15-09-19 06:00:00,1293.495000000000
15-09-19 07:00:00,1073.158250000000
15-09-19 08:00:00,1183.497000000000
15-09-19 09:00:00,111.675000000000
15-09-19 10:00:00,480.922200000000
15-09-19 11:00:00,1424.865000000000
15-09-19 12:00:00,3109.812500022000
15-10-19 01:00:00,341.144025000000
15-10-19 02:00:00,342.415000000000
15-10-19 03:00:00,684.797550000000
15-10-19 04:00:00,687.120000000000
15-10-19 05:00:00,604.420800000000
15-10-19 06:00:00,477.801100000000
15-10-19 07:00:00,179.865000000000
15-10-19 08:00:00,502.805100000000
15-10-19 09:00:00,292.709900000000
15-10-19 10:00:00,210.935000000000
15-10-19 11:00:00,452.136200025000
15-10-19 12:00:00,665.550400000000
15-12-19 01:00:00,288.665000000000
15-12-19 02:00:00,160.805000000000
15-12-19 03:00:00,366.500000000000
15-12-19 04:00:00,726.155200000000
15-12-19 05:00:00,337.990000000000
15-12-19 06:00:00,281.085000000000
15-12-19 07:00:00,228.850000000000
15-12-19 08:00:00,140.770500000000
15-12-19 09:00:00,145.265000000000
15-12-19 10:00:00,190.647222250000
15-12-19 11:00:00,389.551000000000
15-12-19 12:00:00,1563.600000000000
16-06-19 01:00:00,280.130000000000
16-06-19 02:00:00,435.316000000000
16-06-19 03:00:00,79.100000000000
16-06-19 04:00:00,226.430000000000
16-06-19 05:00:00,280.155000000000
16-06-19 06:00:00,115.535000000000
16-06-19 07:00:00,76.293733325000
16-06-19 08:00:00,164.475000000000
16-06-19 09:00:00,525.970000000000
16-06-19 10:00:00,296.579999976000
16-06-19 11:00:00,97.750000000000
16-06-19 12:00:00,87.915000000000
16-07-19 01:00:00,153.820500000000
16-07-19 02:00:00,53.970000000000
16-07-19 03:00:00,47.330000000000
16-07-19 04:00:00,669.300000000000
16-07-19 05:00:00,78.900000000000
16-07-19 06:00:00,97.550000000000
16-07-19 07:00:00,637.589100000000
16-07-19 08:00:00,163.610000000000
16-07-19 09:00:00,303.668300000000
16-07-19 10:00:00,1217.605200000000
16-07-19 11:00:00,13559.148000000000
16-07-19 12:00:00,355.624300000000
16-08-19 03:00:00,309.750000000000
16-08-19 10:00:00,48.800000000000
16-08-19 12:00:00,5.250000000000
16-09-19 01:00:00,1232.211800000000
16-09-19 02:00:00,1908.870400000000
16-09-19 03:00:00,1913.078649980000
16-09-19 04:00:00,3791.087100000000
16-09-19 05:00:00,6316.718700000000
16-09-19 06:00:00,913.410100000000
16-09-19 07:00:00,1261.775400000000
16-09-19 08:00:00,1268.595850020000
16-09-19 09:00:00,1585.279133322000
16-09-19 10:00:00,1261.990150000000
16-09-19 11:00:00,1861.331600000000
16-09-19 12:00:00,1812.374933310000
16-10-19 01:00:00,586.947000000000
16-10-19 02:00:00,299.910000000000
16-10-19 03:00:00,412.325000000000
16-10-19 04:00:00,343.176400000000
16-10-19 05:00:00,95.422200000000
16-10-19 06:00:00,415.870000000000
16-10-19 07:00:00,380.729750000000
16-10-19 08:00:00,216.481975000000
16-10-19 09:00:00,362.935000000000
16-10-19 10:00:00,250.490000010000
16-10-19 11:00:00,680.199999970000
16-10-19 12:00:00,1915.159799960000
16-11-19 01:00:00,492.942500000000
16-11-19 02:00:00,425.050000030000
16-11-19 03:00:00,508.420000000000
16-11-19 04:00:00,536.321250000000
16-11-19 05:00:00,276.103100000000
16-11-19 06:00:00,217.250000000000
16-11-19 07:00:00,346.866000000000
16-11-19 08:00:00,296.566000000000
16-11-19 09:00:00,64.860000000000
16-11-19 10:00:00,271.702000000000
16-11-19 11:00:00,809.503200000000
16-11-19 12:00:00,356.020275000000
16-12-19 01:00:00,467.490005000000
16-12-19 02:00:00,382.460000000000
16-12-19 03:00:00,233.436700000000
16-12-19 04:00:00,388.522100000000
16-12-19 05:00:00,64.059000000000
16-12-19 06:00:00,318.397610000000
16-12-19 07:00:00,543.545000000000
16-12-19 08:00:00,264.335900000000
16-12-19 09:00:00,11.000000000000
16-12-19 10:00:00,416.560000000000
16-12-19 11:00:00,1240.375400000000
16-12-19 12:00:00,575.225450000000
17-06-19 01:00:00,602.130000000000
17-06-19 02:00:00,250.860000000000
17-06-19 03:00:00,2499.960000000000
17-06-19 04:00:00,69.000000000000
17-06-19 05:00:00,30.485000000000
17-06-19 06:00:00,96.400000000000
17-06-19 07:00:00,142.063333305000
17-06-19 08:00:00,316.600000000000
17-06-19 09:00:00,124.700000000000
17-06-19 10:00:00,259.300000000000
17-06-19 11:00:00,860.470000015000
17-06-19 12:00:00,252.720000000000
17-07-19 01:00:00,2362.440000000000
17-07-19 02:00:00,492.770000000000
17-07-19 03:00:00,132.300000000000
17-07-19 04:00:00,24.035000000000
17-07-19 05:00:00,179.035000029000
17-07-19 06:00:00,186.020000000000
17-07-19 07:00:00,100.483333370000
17-07-19 08:00:00,25.500000000000
17-07-19 09:00:00,351.160000000000
17-07-19 10:00:00,244.095000000000
17-07-19 11:00:00,532.385000000000
17-07-19 12:00:00,494.581200000000
17-08-19 01:00:00,1523.905000000000
17-08-19 02:00:00,523.263000000000
17-08-19 03:00:00,860.120000000000
17-08-19 04:00:00,1079.107599940000
17-08-19 05:00:00,424.314400000000
17-08-19 06:00:00,720.170000000000
17-08-19 07:00:00,3824.106600000000
17-08-19 08:00:00,974.995000000000
17-08-19 09:00:00,2010.630000000000
17-08-19 10:00:00,1443.470500000000
17-08-19 11:00:00,2766.140000000000
17-08-19 12:00:00,834.928000000000
17-09-19 01:00:00,1748.558400000000
17-09-19 02:00:00,1790.070180000000
17-09-19 03:00:00,2293.928699920000
17-09-19 04:00:00,1393.473800000000
17-09-19 05:00:00,880.834500000000
17-09-19 06:00:00,1976.088700000000
17-09-19 07:00:00,1398.193344448000
17-09-19 08:00:00,953.585400000000
17-09-19 09:00:00,103.208333322000
17-09-19 10:00:00,706.113000000000
17-09-19 11:00:00,1527.855000000000
17-09-19 12:00:00,2321.658700000000
17-10-19 01:00:00,479.890400000000
17-10-19 02:00:00,755.991000000000
17-10-19 03:00:00,170.430000000000
17-10-19 04:00:00,536.750400000000
17-10-19 05:00:00,593.800050000000
17-10-19 06:00:00,235.935000000000
17-10-19 07:00:00,212.775000000000
17-10-19 08:00:00,286.740000000000
17-10-19 09:00:00,276.683000000000
17-10-19 10:00:00,827.570000000000
17-10-19 11:00:00,576.525133500000
17-10-19 12:00:00,274.290000000000
17-11-19 01:00:00,418.070640000000
17-11-19 02:00:00,180.515000000000
17-11-19 03:00:00,755.516720000000
17-11-19 04:00:00,831.600000000000
17-11-19 05:00:00,238.990000000000
17-11-19 06:00:00,380.820000000000
17-11-19 07:00:00,178.391660000000
17-11-19 08:00:00,640.320000000000
17-11-19 09:00:00,329.839700000000
17-11-19 10:00:00,1029.627000000000
17-11-19 11:00:00,552.174866640000
17-11-19 12:00:00,604.880000000000
17-12-19 01:00:00,723.324900000000
17-12-19 02:00:00,541.495000000000
17-12-19 03:00:00,187.145000000000
17-12-19 04:00:00,484.605000000000
17-12-19 05:00:00,-52.484700000000
17-12-19 06:00:00,495.090000000000
17-12-19 07:00:00,339.340000000000
17-12-19 08:00:00,2097.998700000000
17-12-19 09:00:00,84.990000000000
17-12-19 10:00:00,1119.330000000000
17-12-19 11:00:00,200.256622200000
17-12-19 12:00:00,1162.572997600000
18-06-19 01:00:00,273.265800000000
18-06-19 02:00:00,741.875000000000
18-06-19 03:00:00,343.010000000000
18-06-19 04:00:00,1270.960000000000
18-06-19 05:00:00,61.370000000000
18-06-19 06:00:00,649.655000000000
18-06-19 07:00:00,306.280000000000
18-06-19 08:00:00,464.850000000000
18-06-19 09:00:00,340.250000000000
18-06-19 10:00:00,111.440000026000
18-06-19 11:00:00,213.290000000000
18-06-19 12:00:00,823.142600000000
18-07-19 01:00:00,29.535000000000
18-07-19 02:00:00,501.517000000000
18-07-19 03:00:00,74.750000000000
18-07-19 04:00:00,292.790000000000
18-07-19 05:00:00,1367.650000000000
18-07-19 06:00:00,286.857200000000
18-07-19 07:00:00,199.710000000000
18-07-19 09:00:00,482.920000000000
18-07-19 10:00:00,373.098333020000
18-07-19 11:00:00,25.500000000000
18-07-19 12:00:00,49.450000000000
18-08-19 01:00:00,984.822500000000
18-08-19 02:00:00,1138.140800000000
18-08-19 03:00:00,2214.438400000000
18-08-19 04:00:00,463.932000000000
18-08-19 05:00:00,306.042500000000
18-08-19 06:00:00,651.422500000000
18-08-19 07:00:00,197.890000000000
18-08-19 08:00:00,828.632610000000
18-08-19 09:00:00,477.650800000000
18-08-19 10:00:00,304.000000000000
18-08-19 11:00:00,548.430500000000
18-08-19 12:00:00,2129.047200000000
18-09-19 01:00:00,2114.249086670000
18-09-19 02:00:00,1714.550800000000
18-09-19 03:00:00,1530.285000000000
18-09-19 04:00:00,636.665000000000
18-09-19 05:00:00,1998.825870000000
18-09-19 06:00:00,5893.137000000000
18-09-19 07:00:00,1285.652775000000
18-09-19 08:00:00,1605.181500000000
18-09-19 09:00:00,2071.733200000000
18-09-19 10:00:00,779.210000000000
18-09-19 11:00:00,2401.530600000000
18-09-19 12:00:00,2373.011600000000
18-11-19 01:00:00,363.940000000000
18-11-19 02:00:00,621.170000000000
18-11-19 03:00:00,445.860000000000
18-11-19 04:00:00,2381.130000000000
18-11-19 05:00:00,283.600000000000
18-11-19 06:00:00,1027.097600000000
18-11-19 07:00:00,221.405000000000
18-11-19 08:00:00,563.992000000000
18-11-19 09:00:00,29.640000000000
18-11-19 10:00:00,162.244999991000
18-11-19 11:00:00,2278.644000000000
18-11-19 12:00:00,612.951700000000
18-12-19 01:00:00,187.825000000000
18-12-19 02:00:00,186.745200000000
18-12-19 03:00:00,507.705100000000
18-12-19 04:00:00,1185.724000000000
18-12-19 05:00:00,314.140000000000
18-12-19 06:00:00,246.440000000000
18-12-19 07:00:00,103.400000000000
18-12-19 08:00:00,96.050000000000
18-12-19 09:00:00,43.440000000000
18-12-19 10:00:00,146.360000000000
18-12-19 11:00:00,1953.033875000000
18-12-19 12:00:00,440.112000000000
19-06-19 01:00:00,123.755000000000
19-06-19 02:00:00,49.985000000000
19-06-19 03:00:00,127.780000000000
19-06-19 04:00:00,10.200000000000
19-06-19 05:00:00,53.200000000000
19-06-19 06:00:00,300.990000000000
19-06-19 07:00:00,104.630000000000
19-06-19 08:00:00,268.500000000000
19-06-19 09:00:00,131.370800000000
19-06-19 10:00:00,71.985000000000
19-06-19 11:00:00,397.641000000000
19-06-19 12:00:00,71.750000000000
19-08-19 01:00:00,1905.100000000000
19-08-19 02:00:00,530.385800000000
19-08-19 03:00:00,117.434000000000
19-08-19 04:00:00,523.490000000000
19-08-19 05:00:00,1233.584280000000
19-08-19 06:00:00,665.669999920000
19-08-19 07:00:00,281.199200000000
19-08-19 08:00:00,638.652500000000
19-08-19 09:00:00,1078.690400000000
19-08-19 10:00:00,3318.609200000000
19-08-19 11:00:00,1501.779600000000
19-08-19 12:00:00,1640.148600000000
19-09-19 01:00:00,1222.778927500000
19-09-19 02:00:00,2108.285666635000
19-09-19 03:00:00,1670.423366630000
19-09-19 04:00:00,812.577000000000
19-09-19 05:00:00,901.127500000000
19-09-19 06:00:00,1195.115400000000
19-09-19 07:00:00,1654.756000000000
19-09-19 08:00:00,816.869300000000
19-09-19 09:00:00,2037.672500000000
19-09-19 10:00:00,1196.495000000000
19-09-19 11:00:00,969.628000000000
19-09-19 12:00:00,1113.598000000000
19-10-19 01:00:00,809.196835000000
19-10-19 02:00:00,2480.979000000000
19-10-19 03:00:00,400.775000000000
19-10-19 04:00:00,744.190800000000
19-10-19 05:00:00,48.229520000000
19-10-19 06:00:00,279.672200000000
19-10-19 07:00:00,1074.153000000000
19-10-19 08:00:00,258.555110000000
19-10-19 09:00:00,1370.200400000000
19-10-19 10:00:00,409.966299950000
19-10-19 11:00:00,1131.260300000000
19-10-19 12:00:00,95.022200000000
19-11-19 01:00:00,666.684600000000
19-11-19 02:00:00,670.417000000000
19-11-19 03:00:00,244.920000000000
19-11-19 04:00:00,447.284100000000
19-11-19 05:00:00,207.100000000000
19-11-19 06:00:00,266.470000000000
19-11-19 07:00:00,414.085000000000
19-11-19 08:00:00,473.350000000000
19-11-19 09:00:00,650.184125000000
19-11-19 10:00:00,414.080000000000
19-11-19 11:00:00,428.055000000000
19-11-19 12:00:00,173.852000000000
19-12-19 01:00:00,545.465350000000
19-12-19 02:00:00,1227.440000000000
19-12-19 03:00:00,2031.156600000000
19-12-19 04:00:00,90.885000000000
19-12-19 05:00:00,1276.450800000000
19-12-19 06:00:00,270.245000000000
19-12-19 07:00:00,182.900000000000
19-12-19 08:00:00,233.640000000000
19-12-19 09:00:00,23.400000000000
19-12-19 10:00:00,326.229999976000
19-12-19 11:00:00,533.864000000000
19-12-19 12:00:00,898.320000000000
20-06-19 01:00:00,167.290000000000
20-06-19 02:00:00,35.050000000000
20-06-19 04:00:00,1093.715000000000
20-06-19 05:00:00,850.365000000000
20-06-19 06:00:00,411.550000000000
20-06-19 07:00:00,97.346200000000
20-06-19 08:00:00,101.903900000000
20-06-19 09:00:00,459.500000000000
20-06-19 10:00:00,210.075000000000
20-06-19 11:00:00,133.490000000000
20-06-19 12:00:00,1157.407500000000
20-07-19 01:00:00,1037.275000000000
20-07-19 02:00:00,1102.167850000000
20-07-19 03:00:00,23.300000000000
20-07-19 04:00:00,254.870000000000
20-07-19 05:00:00,256.660000000000
20-07-19 06:00:00,89.356000000000
20-07-19 07:00:00,67.350000000000
20-07-19 08:00:00,577.142499988000
20-07-19 09:00:00,368.969800000000
20-07-19 10:00:00,598.855000000000
20-07-19 11:00:00,348.485000000000
20-07-19 12:00:00,1908.903520000000
20-08-19 01:00:00,927.412400000000
20-08-19 02:00:00,865.737220000000
20-08-19 03:00:00,732.108400000000
20-08-19 04:00:00,895.462000000000
20-08-19 05:00:00,1290.257900000000
20-08-19 06:00:00,964.651200000000
20-08-19 07:00:00,927.187800000000
20-08-19 08:00:00,1087.077500000000
20-08-19 09:00:00,1599.890000000000
20-08-19 10:00:00,414.020000000000
20-08-19 11:00:00,1525.406650000000
20-08-19 12:00:00,1055.143000000000
20-09-19 01:00:00,219.245000000000
20-09-19 02:00:00,180.450000000000
20-09-19 03:00:00,328.602000000000
20-09-19 04:00:00,1265.498200000000
20-09-19 05:00:00,746.669000000000
20-09-19 06:00:00,1576.125900000000
20-09-19 07:00:00,722.705000000000
20-09-19 08:00:00,407.954985000000
20-09-19 09:00:00,81.240000000000
20-10-19 01:00:00,611.625400000000
20-10-19 02:00:00,2118.815800000000
20-10-19 03:00:00,911.740400000000
20-10-19 04:00:00,963.790137500000
20-10-19 05:00:00,651.949000000000
20-10-19 06:00:00,470.200000000000
20-10-19 07:00:00,445.320070000000
20-10-19 08:00:00,474.394600000000
20-10-19 09:00:00,802.645800000000
20-10-19 10:00:00,269.624400000000
20-10-19 11:00:00,1065.820000000000
20-10-19 12:00:00,435.505800000000
20-11-19 01:00:00,410.860000000000
20-11-19 02:00:00,1078.860000000000
20-11-19 03:00:00,353.075000000000
20-11-19 04:00:00,515.940000000000
20-11-19 05:00:00,896.790000000000
20-11-19 06:00:00,693.830300000000
20-11-19 07:00:00,347.175245000000
20-11-19 08:00:00,149.530000000000
20-11-19 09:00:00,470.550000000000
20-11-19 10:00:00,1096.254000000000
20-11-19 11:00:00,534.262400000000
20-11-19 12:00:00,504.410000000000
21-06-19 11:00:00,0.000000000000
21-07-19 01:00:00,211.700000000000
21-07-19 02:00:00,432.796000000000
21-07-19 03:00:00,903.337200000000
21-07-19 04:00:00,186.241933304000
21-07-19 05:00:00,1021.055200000000
21-07-19 06:00:00,664.816666652000
21-07-19 07:00:00,308.860000000000
21-07-19 08:00:00,185.870000000000
21-07-19 09:00:00,142.650000000000
21-08-19 01:00:00,320.841200000000
21-08-19 02:00:00,170.888490000000
21-08-19 03:00:00,594.075000030000
21-08-19 04:00:00,872.268500000000
21-08-19 05:00:00,137.304800000000
21-08-19 06:00:00,68.400000000000
21-08-19 07:00:00,375.551000000000
21-08-19 08:00:00,272.913000000000
21-08-19 09:00:00,204.883350000000
21-08-19 10:00:00,730.981900000000
21-08-19 11:00:00,550.375000000000
21-08-19 12:00:00,2564.517800000000
21-09-19 01:00:00,1477.460400000000
21-09-19 02:00:00,1315.809999955000
21-09-19 03:00:00,874.785000000000
21-09-19 04:00:00,1608.113800000000
21-09-19 05:00:00,2022.516846680000
21-09-19 06:00:00,1235.324700000000
21-09-19 07:00:00,1116.371500000000
21-09-19 08:00:00,827.410000000000
21-09-19 09:00:00,364.881000000000
21-09-19 10:00:00,1241.249999920000
21-09-19 11:00:00,2152.348200000000
21-09-19 12:00:00,1207.422000080000
21-10-19 01:00:00,282.121000000000
21-10-19 02:00:00,627.703800000000
21-10-19 03:00:00,110.525000000000
21-10-19 04:00:00,658.515000000000
21-10-19 05:00:00,1058.260800000000
21-10-19 06:00:00,390.480400000000
21-10-19 07:00:00,556.265000000000
21-10-19 08:00:00,290.280300000000
21-10-19 09:00:00,593.120000000000
21-10-19 10:00:00,288.805000000000
21-10-19 11:00:00,618.829300000000
21-10-19 12:00:00,1082.499120000000
21-11-19 01:00:00,551.740000004500
21-11-19 02:00:00,358.370000000000
21-11-19 03:00:00,832.835000000000
21-11-19 04:00:00,1410.420000000000
21-11-19 05:00:00,217.885000000000
21-11-19 06:00:00,594.398233348600
21-11-19 07:00:00,475.687200000000
21-11-19 08:00:00,77.270000000000
21-11-19 09:00:00,78.209999989000
21-11-19 10:00:00,262.734000000000
21-11-19 11:00:00,-23.389999980000
21-11-19 12:00:00,837.385400000000
21-12-19 01:00:00,994.528370000000
21-12-19 02:00:00,663.430000000000
21-12-19 03:00:00,496.374000000000
21-12-19 04:00:00,188.810000000000
21-12-19 05:00:00,325.052000000000
21-12-19 06:00:00,616.250000000000
21-12-19 07:00:00,110.930000000000
21-12-19 08:00:00,51.140000000000
21-12-19 09:00:00,100.340000000000
21-12-19 10:00:00,114.210000000000
21-12-19 11:00:00,552.468500000000
21-12-19 12:00:00,1071.830000000000
22-06-19 01:00:00,180.120000000000
22-06-19 02:00:00,91.100000000000
22-06-19 03:00:00,26.930000000000
22-06-19 04:00:00,1297.020300000000
22-06-19 05:00:00,1495.280000000000
22-06-19 06:00:00,89.004999976000
22-06-19 07:00:00,32.200000000000
22-06-19 08:00:00,455.179200000000
22-06-19 09:00:00,537.495000000000
22-06-19 10:00:00,254.578000000000
22-06-19 11:00:00,413.570000000000
22-06-19 12:00:00,1596.760000000000
22-07-19 02:00:00,619.712000000000
22-07-19 03:00:00,1234.886500000000
22-07-19 04:00:00,1248.355000000000
22-07-19 05:00:00,475.656600000000
22-07-19 06:00:00,136.000000026000
22-07-19 07:00:00,202.410000000000
22-07-19 08:00:00,793.367500000000
22-07-19 09:00:00,120.350000000000
22-07-19 10:00:00,98.170000000000
22-08-19 01:00:00,798.820000000000
22-08-19 02:00:00,1172.900000000000
22-08-19 03:00:00,3466.877000000000
22-08-19 04:00:00,955.970000000000
22-08-19 05:00:00,437.705000000000
22-08-19 06:00:00,1554.159600000000
22-08-19 07:00:00,1412.967200000000
22-08-19 08:00:00,1336.047800000000
22-08-19 09:00:00,644.316000000000
22-08-19 10:00:00,2019.988933350000
22-08-19 11:00:00,781.855000000000
22-08-19 12:00:00,1398.388600000000
22-09-19 01:00:00,1581.295400000000
22-09-19 02:00:00,1713.736666672500
22-09-19 03:00:00,1648.940400000000
22-09-19 04:00:00,1434.532130000000
22-09-19 05:00:00,739.256200000000
22-09-19 06:00:00,1023.010000000000
22-09-19 07:00:00,729.379995500000
22-09-19 08:00:00,781.334200000000
22-09-19 09:00:00,696.645187400000
22-09-19 10:00:00,1621.580800000000
22-09-19 11:00:00,2546.241600000000
22-09-19 12:00:00,1548.990666560000
22-10-19 01:00:00,311.815000000000
22-10-19 02:00:00,371.265000000000
22-10-19 03:00:00,580.326500000000
22-10-19 04:00:00,1105.776040000000
22-10-19 05:00:00,379.930000000000
22-10-19 06:00:00,700.865000000000
22-10-19 07:00:00,784.196140000000
22-10-19 08:00:00,706.433600000000
22-10-19 09:00:00,837.040120000000
22-10-19 10:00:00,172.705000000000
22-10-19 11:00:00,734.012500000000
22-10-19 12:00:00,928.510000000000
23-06-19 01:00:00,212.590000000000
23-06-19 02:00:00,152.230000000000
23-06-19 03:00:00,383.500000000000
23-06-19 04:00:00,160.250000000000
23-06-19 05:00:00,410.190000000000
23-06-19 06:00:00,374.749999976000
23-06-19 07:00:00,278.660000000000
23-06-19 08:00:00,255.320000000000
23-06-19 09:00:00,209.785000000000
23-06-19 10:00:00,88.924999955000
23-06-19 11:00:00,79.970000000000
23-06-19 12:00:00,647.380000000000
23-07-19 01:00:00,342.802600000000
23-07-19 02:00:00,616.677000000000
23-07-19 03:00:00,609.800000000000
23-07-19 04:00:00,8.100000000000
23-07-19 05:00:00,64.750000000000
23-07-19 06:00:00,303.100000000000
23-07-19 07:00:00,109.412500037000
23-07-19 08:00:00,337.944800000000
23-07-19 09:00:00,319.320000000000
23-07-19 10:00:00,56.090000000000
23-07-19 11:00:00,561.260000000000
23-07-19 12:00:00,77.928600000000
23-08-19 04:00:00,10.250000000000
23-08-19 12:00:00,5129.939500000000
23-09-19 01:00:00,1896.128820000000
23-09-19 02:00:00,1206.548600000000
23-09-19 03:00:00,1374.903000000000
23-09-19 04:00:00,785.233400000000
23-09-19 05:00:00,1094.259600000000
23-09-19 06:00:00,996.970400000000
23-09-19 07:00:00,1132.885400000000
23-09-19 08:00:00,967.281850000000
23-09-19 09:00:00,449.993000000000
23-09-19 10:00:00,1316.983500000000
23-09-19 11:00:00,1741.592040000000
23-09-19 12:00:00,2175.982000000000
23-10-19 01:00:00,741.234199971000
23-10-19 02:00:00,1403.252000000000
23-10-19 03:00:00,624.025000000000
23-10-19 04:00:00,501.819350000000
23-10-19 05:00:00,505.453030000000
23-10-19 06:00:00,434.750000000000
23-10-19 07:00:00,335.070320000000
23-10-19 08:00:00,1015.349200000000
23-10-19 09:00:00,361.859600000000
23-10-19 10:00:00,267.640000000000
23-10-19 11:00:00,452.550800000000
23-10-19 12:00:00,235.309000000000
23-11-19 01:00:00,203.630130000000
23-11-19 02:00:00,406.344700000000
23-11-19 03:00:00,422.145000000000
23-11-19 04:00:00,300.038300000000
23-11-19 05:00:00,462.274020000000
23-11-19 06:00:00,363.815000000000
23-11-19 07:00:00,140.323000000000
23-11-19 08:00:00,452.720000000000
23-11-19 09:00:00,54.820000000000
23-11-19 10:00:00,383.670000000000
23-11-19 11:00:00,802.995390535000
23-11-19 12:00:00,712.929999989000
24-06-19 01:00:00,292.162400000000
24-06-19 02:00:00,443.000000000000
24-06-19 03:00:00,141.355000000000
24-06-19 04:00:00,2330.825000000000
24-06-19 05:00:00,435.680000000000
24-06-19 06:00:00,53.680000000000
24-06-19 07:00:00,55.010000000000
24-06-19 08:00:00,393.000000000000
24-06-19 09:00:00,69.680000000000
24-06-19 10:00:00,83.650000000000
24-06-19 11:00:00,103.400000000000
24-06-19 12:00:00,299.280000000000
24-07-19 01:00:00,2228.757200000000
24-07-19 02:00:00,44.320000000000
24-07-19 03:00:00,784.295000000000
24-07-19 04:00:00,405.674000000000
24-07-19 05:00:00,274.890800000000
24-07-19 06:00:00,623.959266675000
24-07-19 07:00:00,220.774000000000
24-07-19 08:00:00,142.162500000000
24-07-19 09:00:00,72.100000000000
24-07-19 10:00:00,1212.975000000000
24-07-19 11:00:00,718.120000000000
24-07-19 12:00:00,997.043400000000
24-08-19 01:00:00,1951.200000000000
24-08-19 02:00:00,1763.435000000000
24-08-19 03:00:00,1554.850000000000
24-08-19 04:00:00,1370.502000000000
24-08-19 05:00:00,1097.250350000000
24-08-19 06:00:00,1337.095900000000
24-08-19 07:00:00,887.628200000000
24-08-19 08:00:00,1443.196200000000
24-08-19 09:00:00,1193.850000000000
24-08-19 10:00:00,578.820000000000
24-08-19 11:00:00,2916.154200000000
24-08-19 12:00:00,3734.445350000000
24-09-19 01:00:00,3977.774250000000
24-09-19 02:00:00,1292.936750000000
24-09-19 03:00:00,724.880000000000
24-09-19 04:00:00,564.088000000000
24-09-19 05:00:00,796.305188340000
24-09-19 06:00:00,979.654000000000
24-09-19 07:00:00,440.029905500000
24-09-19 08:00:00,686.041438000000
24-09-19 09:00:00,623.790000000000
24-09-19 10:00:00,272.529000000000
24-09-19 11:00:00,999.544000004000
24-09-19 12:00:00,989.883800000000
24-10-19 01:00:00,218.180800000000
24-10-19 02:00:00,92.530000000000
24-10-19 03:00:00,711.556919500000
24-10-19 04:00:00,1198.199000000000
24-10-19 05:00:00,311.437800000000
24-10-19 06:00:00,217.880000000000
24-10-19 07:00:00,568.710000000000
24-10-19 08:00:00,732.021000000000
24-10-19 09:00:00,279.390400000000
24-10-19 10:00:00,226.495300000000
24-10-19 11:00:00,330.620000050000
24-10-19 12:00:00,500.940000000000
24-11-19 01:00:00,537.461650000000
24-11-19 02:00:00,599.820165000000
24-11-19 03:00:00,670.730000000000
24-11-19 04:00:00,343.804000000000
24-11-19 05:00:00,144.020000000000
24-11-19 06:00:00,202.383200000000
24-11-19 07:00:00,338.236500000000
24-11-19 08:00:00,265.161500000000
24-11-19 09:00:00,349.968831000000
24-11-19 10:00:00,18.738000000000
24-11-19 11:00:00,239.090000000000
24-11-19 12:00:00,332.879750000000
25-06-19 01:00:00,456.320000000000
25-06-19 02:00:00,154.386500000000
25-06-19 03:00:00,123.620000000000
25-06-19 04:00:00,120.080000000000
25-06-19 05:00:00,124.200000000000
25-06-19 06:00:00,1029.846000000000
25-06-19 07:00:00,320.200000000000
25-06-19 08:00:00,208.940000000000
25-06-19 09:00:00,230.090000000000
25-06-19 10:00:00,392.516666675000
25-06-19 11:00:00,222.690000000000
25-06-19 12:00:00,58.775000000000
25-07-19 01:00:00,489.209800000000
25-07-19 02:00:00,766.817200000000
25-07-19 03:00:00,74.750000000000
25-07-19 04:00:00,80.724999985000
25-07-19 05:00:00,527.967600000000
25-07-19 06:00:00,163.050000000000
25-07-19 07:00:00,17.700000000000
25-07-19 08:00:00,182.752400000000
25-07-19 09:00:00,83.940000000000
25-07-19 10:00:00,114.950400000000
25-07-19 11:00:00,385.335000000000
25-07-19 12:00:00,85.647200000000
25-08-19 01:00:00,873.517000000000
25-08-19 02:00:00,714.855000000000
25-08-19 03:00:00,693.600000000000
25-08-19 04:00:00,489.840000000000
25-08-19 05:00:00,456.092400000000
25-08-19 06:00:00,488.408000000000
25-08-19 07:00:00,272.170000000000
25-08-19 08:00:00,321.910000000000
25-08-19 09:00:00,89.422500004500
25-08-19 10:00:00,691.590000000000
25-08-19 11:00:00,1030.020000000000
25-08-19 12:00:00,1256.493000000000
25-09-19 01:00:00,523.250320000000
25-09-19 02:00:00,818.064579800000
25-09-19 03:00:00,496.977400000000
25-09-19 04:00:00,404.962400000000
25-09-19 05:00:00,505.421000000000
25-09-19 06:00:00,168.110000000000
25-09-19 07:00:00,2891.478200000000
25-09-19 08:00:00,682.617950000000
25-09-19 09:00:00,582.055050000000
25-09-19 10:00:00,509.390083000000
25-09-19 11:00:00,1178.852500000000
25-09-19 12:00:00,447.758175000000
25-11-19 01:00:00,461.505200000000
25-11-19 02:00:00,366.001199860000
25-11-19 03:00:00,116.530000000000
25-11-19 04:00:00,272.580000000000
25-11-19 05:00:00,690.685000000000
25-11-19 06:00:00,144.300000000000
25-11-19 07:00:00,437.591300000000
25-11-19 08:00:00,43.865000000000
25-11-19 09:00:00,309.464860000000
25-11-19 10:00:00,1177.367933346000
25-11-19 11:00:00,549.730000000000
25-11-19 12:00:00,355.699999960000
26-06-19 01:00:00,1216.730000000000
26-06-19 02:00:00,568.065000000000
26-06-19 03:00:00,1276.697200000000
26-06-19 04:00:00,263.200000000000
26-06-19 05:00:00,196.050000000000
26-06-19 06:00:00,435.200000000000
26-06-19 07:00:00,718.472400000000
26-06-19 08:00:00,231.020000000000
26-06-19 09:00:00,350.620000000000
26-06-19 10:00:00,2207.466200000000
26-06-19 11:00:00,99.200000000000
26-06-19 12:00:00,378.140000000000
26-08-19 01:00:00,2828.940000000000
26-08-19 02:00:00,561.440000000000
26-08-19 03:00:00,686.896600000000
26-08-19 04:00:00,377.750999980000
26-08-19 05:00:00,1596.545000026000
26-08-19 06:00:00,1776.560000000000
26-08-19 07:00:00,1476.610800000000
26-08-19 08:00:00,941.468200000000
26-08-19 09:00:00,879.467000000000
26-08-19 10:00:00,265.010000000000
26-08-19 11:00:00,286.130000000000
26-08-19 12:00:00,997.740000000000
26-09-19 01:00:00,376.254800000000
26-09-19 02:00:00,5105.325000000000
26-09-19 03:00:00,377.100000000000
26-09-19 04:00:00,687.867500000000
26-09-19 05:00:00,1801.213812500000
26-09-19 06:00:00,440.256625000000
26-09-19 07:00:00,631.790000000000
26-09-19 08:00:00,1530.302000000000
26-09-19 09:00:00,2040.181000000000
26-09-19 10:00:00,523.310000000000
26-09-19 11:00:00,464.046000000000
26-09-19 12:00:00,884.674000000000
26-10-19 01:00:00,731.123400000000
26-10-19 02:00:00,222.890000000000
26-10-19 03:00:00,523.250912000000
26-10-19 04:00:00,694.030150000000
26-10-19 05:00:00,292.247970000000
26-10-19 06:00:00,794.068400000000
26-10-19 07:00:00,298.255000000000
26-10-19 08:00:00,101.520000000000
26-10-19 09:00:00,64.125000000000
26-10-19 10:00:00,446.155000000000
26-10-19 11:00:00,412.085400000000
26-10-19 12:00:00,838.080000000000
26-11-19 01:00:00,522.462800000000
26-11-19 02:00:00,382.470000000000
26-11-19 03:00:00,536.251000000000
26-11-19 04:00:00,-936.870000000000
26-11-19 05:00:00,508.744000000000
26-11-19 06:00:00,121.770000000000
26-11-19 07:00:00,394.352250000000
26-11-19 08:00:00,179.610225000000
26-11-19 09:00:00,284.744050000000
26-11-19 10:00:00,135.590000000000
26-11-19 11:00:00,1254.455000000000
26-11-19 12:00:00,669.510000000000
27-06-19 01:00:00,327.545000000000
27-06-19 02:00:00,732.585000000000
27-06-19 03:00:00,170.920000000000
27-06-19 04:00:00,236.050000000000
27-06-19 05:00:00,85.372199985000
27-06-19 06:00:00,82.274000000000
27-06-19 07:00:00,437.055000000000
27-06-19 08:00:00,37.100000000000
27-06-19 09:00:00,120.261200000000
27-06-19 10:00:00,230.295200000000
27-06-19 11:00:00,477.006000000000
27-06-19 12:00:00,851.565000000000
27-07-19 01:00:00,1078.850000000000
27-07-19 02:00:00,7929.078300000000
27-07-19 03:00:00,152.755000000000
27-07-19 04:00:00,407.350000000000
27-07-19 05:00:00,983.885000000000
27-07-19 06:00:00,9.950000000000
27-07-19 07:00:00,426.450000000000
27-07-19 08:00:00,134.570400000000
27-07-19 09:00:00,69.149999950000
27-07-19 10:00:00,145.915000000000
27-07-19 11:00:00,133.828000000000
27-07-19 12:00:00,89.750000000000
27-08-19 01:00:00,1196.280233327500
27-08-19 02:00:00,1103.832500000000
27-08-19 03:00:00,870.371000000000
27-08-19 04:00:00,572.518000000000
27-08-19 05:00:00,689.546000000000
27-08-19 06:00:00,318.620000080000
27-08-19 07:00:00,391.520800000000
27-08-19 08:00:00,338.575000000000
27-08-19 09:00:00,435.850000000000
27-08-19 10:00:00,208.335000000000
27-08-19 11:00:00,458.293600000000
27-08-19 12:00:00,1518.202499971000
27-10-19 01:00:00,992.275000000000
27-10-19 02:00:00,559.091800000000
27-10-19 03:00:00,475.461466651400
27-10-19 04:00:00,881.640000000000
27-10-19 05:00:00,416.800000000000
27-10-19 06:00:00,325.879999984000
27-10-19 07:00:00,19.200000000000
27-10-19 08:00:00,356.962000000000
27-10-19 09:00:00,162.235950034000
27-10-19 10:00:00,398.390000000000
27-10-19 11:00:00,677.900800000000
27-10-19 12:00:00,755.485000000000
27-11-19 01:00:00,486.155000000000
27-11-19 02:00:00,790.783333322000
27-11-19 03:00:00,315.125000000000
27-11-19 04:00:00,744.907666670000
27-11-19 05:00:00,207.400035000000
27-11-19 06:00:00,387.130000000000
27-11-19 07:00:00,141.760000000000
27-11-19 08:00:00,463.803000000000
27-11-19 09:00:00,626.995000000000
27-11-19 10:00:00,152.530000000000
27-11-19 11:00:00,246.350000000000
27-11-19 12:00:00,988.375000000000
28-07-19 01:00:00,1124.535000000000
28-07-19 02:00:00,366.790000000000
28-07-19 03:00:00,648.732000000000
28-07-19 04:00:00,179.776200000000
28-07-19 05:00:00,254.590000000000
28-07-19 06:00:00,194.855000000000
28-07-19 07:00:00,303.255400000000
28-07-19 08:00:00,252.317200000000
28-07-19 09:00:00,17.410000000000
28-07-19 10:00:00,156.550400000000
28-07-19 11:00:00,244.420000000000
28-07-19 12:00:00,133.390000000000
28-08-19 01:00:00,1125.945800000000
28-08-19 02:00:00,919.039200000000
28-08-19 03:00:00,1234.579500000000
28-08-19 04:00:00,1424.845000000000
28-08-19 05:00:00,491.815000000000
28-08-19 06:00:00,296.128000000000
28-08-19 07:00:00,434.229999976000
28-08-19 08:00:00,525.699000000000
28-08-19 09:00:00,146.355000080000
28-08-19 10:00:00,1272.088400000000
28-08-19 11:00:00,2081.912000000000
28-08-19 12:00:00,1792.740000000000
28-09-19 01:00:00,838.597400000000
28-09-19 02:00:00,454.254015000000
28-09-19 03:00:00,462.777000000000
28-09-19 04:00:00,980.541000000000
28-09-19 05:00:00,691.480400000000
28-09-19 06:00:00,510.144800000000
28-09-19 07:00:00,320.175000500000
28-09-19 08:00:00,1272.031600000000
28-09-19 09:00:00,825.539000000000
28-09-19 10:00:00,396.125800000000
28-09-19 11:00:00,692.726500000000
28-09-19 12:00:00,777.294000000000
28-10-19 01:00:00,353.960320000000
28-10-19 02:00:00,618.953200000000
28-10-19 03:00:00,910.391600000000
28-10-19 04:00:00,804.345000000000
28-10-19 05:00:00,440.570000000000
28-10-19 06:00:00,488.808000000000
28-10-19 07:00:00,517.820000000000
28-10-19 08:00:00,188.710000000000
28-10-19 09:00:00,181.280000000000
28-10-19 10:00:00,93.890000000000
28-10-19 11:00:00,828.121600000000
28-10-19 12:00:00,510.645799950000
28-11-19 01:00:00,402.880000000000
28-11-19 02:00:00,1104.779860000000
28-11-19 03:00:00,345.600000000000
28-11-19 04:00:00,1610.890000000000
28-11-19 05:00:00,1048.551000000000
28-11-19 06:00:00,498.050000000000
28-11-19 07:00:00,69.551600000000
28-11-19 08:00:00,412.805000000000
28-11-19 09:00:00,228.800000000000
28-11-19 10:00:00,260.270000000000
28-11-19 11:00:00,372.960000000000
28-11-19 12:00:00,743.623000000000
29-06-19 01:00:00,550.939000000000
29-06-19 02:00:00,281.650000000000
29-06-19 03:00:00,971.590000000000
29-06-19 04:00:00,238.800000000000
29-06-19 05:00:00,73.225000000000
29-06-19 06:00:00,466.820000000000
29-06-19 07:00:00,277.720000000000
29-06-19 08:00:00,2013.908333261000
29-06-19 09:00:00,314.115000000000
29-06-19 10:00:00,110.675000029000
29-06-19 11:00:00,196.700000000000
29-06-19 12:00:00,708.064000000000
29-07-19 01:00:00,535.340000000000
29-07-19 02:00:00,725.676700000000
29-07-19 03:00:00,732.670000000000
29-07-19 04:00:00,1061.535500000000
29-07-19 05:00:00,421.109100020000
29-07-19 06:00:00,90.620000000000
29-07-19 07:00:00,199.907200000000
29-07-19 08:00:00,325.700400000000
29-07-19 09:00:00,212.685000000000
29-07-19 10:00:00,317.315566698000
29-07-19 11:00:00,399.060000000000
29-07-19 12:00:00,139.218000000000
29-08-19 01:00:00,2285.167600000000
29-08-19 02:00:00,2128.073000000000
29-08-19 03:00:00,2145.172700000000
29-08-19 04:00:00,736.110000000000
29-08-19 05:00:00,746.372400004000
29-08-19 06:00:00,472.101600000000
29-08-19 07:00:00,924.117200000000
29-08-19 08:00:00,455.343400000000
29-08-19 09:00:00,647.297000000000
29-08-19 10:00:00,4596.390000000000
29-08-19 11:00:00,692.864000000000
29-08-19 12:00:00,1793.069600000000
29-09-19 01:00:00,437.253000000000
29-09-19 02:00:00,376.420280000000
29-09-19 03:00:00,809.650030000000
29-09-19 04:00:00,608.683400000000
29-09-19 05:00:00,396.852400000000
29-09-19 06:00:00,660.369000000000
29-09-19 07:00:00,514.142200000000
29-09-19 08:00:00,615.237512000000
29-09-19 09:00:00,656.190800000000
29-09-19 10:00:00,1347.230000000000
29-09-19 11:00:00,235.330000000000
29-09-19 12:00:00,627.257000000000
29-10-19 01:00:00,386.980165000000
29-10-19 02:00:00,462.995423500000
29-10-19 03:00:00,369.390395000000
29-10-19 04:00:00,427.270800000000
29-10-19 05:00:00,330.098185200000
29-10-19 06:00:00,382.872100000000
29-10-19 07:00:00,655.075800000000
29-10-19 08:00:00,369.290145000000
29-10-19 09:00:00,74.016000000000
29-10-19 10:00:00,1364.448266594000
29-10-19 11:00:00,449.210800000000
29-10-19 12:00:00,368.345650000000
30-06-19 01:00:00,63.800000000000
30-06-19 02:00:00,701.454999985000
30-06-19 03:00:00,1035.890000000000
30-06-19 04:00:00,216.994000000000
30-06-19 05:00:00,473.200400000000
30-06-19 06:00:00,40.950000000000
30-06-19 07:00:00,7510.136200000000
30-06-19 08:00:00,731.296200000000
30-06-19 09:00:00,93.675000000000
30-06-19 10:00:00,211.222000000000
30-06-19 11:00:00,849.930000000000
30-06-19 12:00:00,425.450000000000
30-07-19 01:00:00,681.650800000000
30-07-19 02:00:00,276.892400000000
30-07-19 03:00:00,656.970000000000
30-07-19 04:00:00,443.730000000000
30-07-19 05:00:00,1338.180000000000
30-07-19 06:00:00,146.970000000000
30-07-19 07:00:00,6396.675000029000
30-07-19 08:00:00,214.812000000000
30-07-19 09:00:00,490.714100000000
30-07-19 10:00:00,301.072500000000
30-07-19 11:00:00,511.930000000000
30-07-19 12:00:00,2288.188300000000
30-08-19 01:00:00,55.000000000000
30-08-19 02:00:00,138.276000000000
30-08-19 03:00:00,2148.390000000000
30-08-19 05:00:00,1463.490000000000
30-08-19 08:00:00,20.000000000000
30-08-19 11:00:00,316.800000000000
30-08-19 12:00:00,10.000000000000
30-09-19 01:00:00,1102.881385000000
30-09-19 02:00:00,637.069200000000
30-09-19 03:00:00,108.295000000000
30-09-19 04:00:00,984.830000000000
30-09-19 05:00:00,363.602000000000
30-09-19 06:00:00,1876.725000000000
30-09-19 07:00:00,166.480000000000
30-09-19 08:00:00,1044.055000000000
30-09-19 09:00:00,1070.811500000000
30-09-19 10:00:00,627.981688340000
30-09-19 11:00:00,986.762200000000
30-09-19 12:00:00,1263.065000000000
30-10-19 01:00:00,141.545000000000
30-10-19 02:00:00,176.805000000000
30-10-19 03:00:00,1161.610800000000
30-10-19 04:00:00,670.768800000000
30-10-19 05:00:00,831.222600000000
30-10-19 06:00:00,309.571020000000
30-10-19 07:00:00,463.810875000000
30-10-19 08:00:00,299.020800000000
30-10-19 09:00:00,382.460000000000
30-10-19 10:00:00,233.823000000000
30-10-19 11:00:00,186.165200000000
30-10-19 12:00:00,126.675000000000
30-11-19 01:00:00,238.090000000000
30-11-19 02:00:00,342.395000000000
30-11-19 03:00:00,154.520525000000
30-11-19 04:00:00,359.370000000000
30-11-19 05:00:00,2760.250413000000
30-11-19 06:00:00,541.216500000000
30-11-19 07:00:00,120.250000000000
30-11-19 08:00:00,79.799940000000
30-11-19 09:00:00,78.920000000000
30-11-19 10:00:00,247.119999960000
30-11-19 11:00:00,246.491250000000
30-11-19 12:00:00,960.813333346000
31-07-19 01:00:00,919.425000000000
31-07-19 02:00:00,255.772000000000
31-07-19 03:00:00,1593.269000025000
31-07-19 04:00:00,577.890800000000
31-07-19 05:00:00,62.550800000000
31-07-19 06:00:00,847.470000000000
31-07-19 07:00:00,139.875000000000
31-07-19 08:00:00,263.220000000000
31-07-19 09:00:00,173.858700000000
31-07-19 10:00:00,219.720400000000
31-07-19 11:00:00,501.380000000000
31-07-19 12:00:00,894.361200000000
31-08-19 01:00:00,1542.961900000000
31-08-19 02:00:00,1470.548600020000
31-08-19 03:00:00,2230.292718000000
31-08-19 04:00:00,2386.110500000000
31-08-19 05:00:00,261.356000000000
31-08-19 06:00:00,1253.870000000000
31-08-19 07:00:00,1062.070000000000
31-08-19 08:00:00,1891.834000000000
31-08-19 09:00:00,794.783250000000
31-08-19 10:00:00,1303.207500000000
31-08-19 11:00:00,2261.577500000000
31-08-19 12:00:00,1902.421400000000
31-10-19 01:00:00,754.600300000000
31-10-19 02:00:00,791.066666680000
31-10-19 03:00:00,687.610000000000
31-10-19 04:00:00,718.073435000000
31-10-19 05:00:00,454.045000000000
31-10-19 06:00:00,58.284000000000
31-10-19 07:00:00,389.520400000000
31-10-19 08:00:00,591.865000000000
31-10-19 09:00:00,558.170000000000
31-10-19 10:00:00,570.150000000000
31-10-19 11:00:00,1147.725400000000
31-10-19 12:00:00,748.335650000000
